{
    "atomic": [
        {
            "key": 8,
            "value": {
                "pack": {
                    "oneCenterEnergy": {
                        "s": -96.9494807,
                        "p": -77.8909298,
                        "d": 0.0
                    },
                    "beta": {
                        "s": -29.8510121,
                        "p": -29.1510131,
                        "d": 0.0
                    },
                    "orbitalExponent": {
                        "s": 3.1793691,
                        "p": 2.5536191,
                        "d": 0.0
                    },
                    "internalExponent": {
                        "s": 0.0,
                        "p": 0.0,
                        "d": 0.0
                    },
                    "gss": 14.0024279,
                    "gpp": 14.1451514,
                    "gsp": 14.9562504,
                    "gp2": 12.703255,
                    "hsp": 3.9321716,
                    "pcore": 0.97166661,
                    "f0sd": 0.0,
                    "g2sd": 0.0,
                    "alpha": 4.1719672
                },
                "gaussianRepulsion": [
                    {
                        "a": 0.2309355,
                        "b": 5.2182874,
                        "c": 0.9036356
                    },
                    {
                        "a": 0.0585987,
                        "b": 7.4293293,
                        "c": 1.5175461
                    }
                ]
            }
        },
        {
            "key": 7,
            "value": {
                "pack": {
                    "oneCenterEnergy": {
                        "s": -70.8512372,
                        "p": -57.9773092,
                        "d": 0.0
                    },
                    "beta": {
                        "s": -20.8712455,
                        "p": -16.6717185,
                        "d": 0.0
                    },
                    "orbitalExponent": {
                        "s": 2.3744716,
                        "p": 1.9781257,
                        "d": 0.0
                    },
                    "internalExponent": {
                        "s": 0.0,
                        "p": 0.0,
                        "d": 0.0
                    },
                    "gss": 13.0873623,
                    "gpp": 13.6992432,
                    "gsp": 13.2122683,
                    "gp2": 11.9410395,
                    "hsp": 5.0000085,
                    "pcore": 1.03960534,
                    "f0sd": 0.0,
                    "g2sd": 0.0,
                    "alpha": 2.9642254
                },
                "gaussianRepulsion": [
                    {
                        "a": 0.0607338,
                        "b": 4.5889295,
                        "c": 1.3787388
                    },
                    {
                        "a": 0.0243856,
                        "b": 4.6273052,
                        "c": 2.083707
                    },
                    {
                        "a": -0.0228343,
                        "b": 2.0527466,
                        "c": 1.8676382
                    }
                ]
            }
        },
        {
            "key": 9,
            "value": {
                "pack": {
                    "oneCenterEnergy": {
                        "s": -134.1836959,
                        "p": -107.8466092,
                        "d": 0.0
                    },
                    "beta": {
                        "s": -70.0000051,
                        "p": -32.6798271,
                        "d": 0.0
                    },
                    "orbitalExponent": {
                        "s": 4.4033791,
                        "p": 2.6484156,
                        "d": 0.0
                    },
                    "internalExponent": {
                        "s": 0.0,
                        "p": 0.0,
                        "d": 0.0
                    },
                    "gss": 16.7209132,
                    "gpp": 15.2258103,
                    "gsp": 16.7614263,
                    "gp2": 14.8657868,
                    "hsp": 1.9976617,
                    "pcore": 0.8136931,
                    "f0sd": 0.0,
                    "g2sd": 0.0,
                    "alpha": 6.0000006
                },
                "gaussianRepulsion": [
                    {
                        "a": 0.4030203,
                        "b": 7.2044196,
                        "c": 0.8165301
                    },
                    {
                        "a": 0.0708583,
                        "b": 9.0000156,
                        "c": 1.4380238
                    }
                ]
            }
        },
        {
            "key": 53,
            "value": {
                "pack": {
                    "oneCenterEnergy": {
                        "s": -74.8999784,
                        "p": -51.410238,
                        "d": 0.0
                    },
                    "beta": {
                        "s": -4.1931615,
                        "p": -4.4003841,
                        "d": 0.0
                    },
                    "orbitalExponent": {
                        "s": 2.5300375,
                        "p": 2.3173868,
                        "d": 0.0
                    },
                    "internalExponent": {
                        "s": 0.0,
                        "p": 0.0,
                        "d": 0.0
                    },
                    "gss": 19.9997413,
                    "gpp": 7.3048834,
                    "gsp": 7.6895767,
                    "gp2": 6.8542461,
                    "hsp": 1.4160294,
                    "pcore": 0.68029338,
                    "f0sd": 0.0,
                    "g2sd": 0.0,
                    "alpha": 2.1415709
                },
                "gaussianRepulsion": [
                    {
                        "a": -0.0814772,
                        "b": 1.5606507,
                        "c": 2.0000206
                    },
                    {
                        "a": 0.0591499,
                        "b": 5.7611127,
                        "c": 2.204888
                    }
                ]
            }
        },
        {
            "key": 15,
            "value": {
                "pack": {
                    "oneCenterEnergy": {
                        "s": -41.8153318,
                        "p": -34.3834253,
                        "d": 0.0
                    },
                    "beta": {
                        "s": -6.1351497,
                        "p": -5.9444213,
                        "d": 0.0
                    },
                    "orbitalExponent": {
                        "s": 2.1224012,
                        "p": 1.7432795,
                        "d": 0.0
                    },
                    "internalExponent": {
                        "s": 0.0,
                        "p": 0.0,
                        "d": 0.0
                    },
                    "gss": 11.0805926,
                    "gpp": 7.6041756,
                    "gsp": 5.6833920000000008,
                    "gp2": 7.4026518,
                    "hsp": 1.1618179,
                    "pcore": 1.22788484,
                    "f0sd": 0.0,
                    "g2sd": 0.0,
                    "alpha": 1.9099329
                },
                "gaussianRepulsion": [
                    {
                        "a": -0.4106347,
                        "b": 6.0875283,
                        "c": 1.3165026
                    },
                    {
                        "a": -0.1629929,
                        "b": 7.094726,
                        "c": 1.9072132
                    },
                    {
                        "a": -0.0488713,
                        "b": 8.9997931,